# OWASP ZAP baseline rules for the storefront and the back office (specs/150, #293).
# Every rule that passed on 2026-10-05 is FAIL, so a regression fails the zap workflow. Each finding of the first
# round carries its decision: WARN = known and tracked by the named issue; IGNORE = not applicable, with why.
# Read by zap-baseline.py -c; only the first two columns are used, the third is for people.
# rule	decision	reason
10003	FAIL	(Vulnerable JS Library (Powered by Retire.js))
10009	FAIL	(In Page Banner Information Leak)
10010	FAIL	(Cookie No HttpOnly Flag)
10011	FAIL	(Cookie Without Secure Flag)
10015	FAIL	(Re-examine Cache-control Directives)
10017	FAIL	(Cross-Domain JavaScript Source File Inclusion)
10019	FAIL	(Content-Type Header Missing)
10020	FAIL	(Anti-clickjacking Header) - fixed by #294 (specs/151), must not come back
10021	FAIL	(X-Content-Type-Options Header Missing) - fixed by #294 (specs/151), must not come back
10023	FAIL	(Information Disclosure - Debug Error Messages)
10024	FAIL	(Information Disclosure - Sensitive Information in URL)
10025	FAIL	(Information Disclosure - Sensitive Information in HTTP Referrer Header)
10026	FAIL	(HTTP Parameter Override)
10027	IGNORE	(Information Disclosure - Suspicious Comments) - Not applicable: matches the words admin and db in minified code (a route regex, a variable), not comments - specs/150 D4
10028	FAIL	(Off-site Redirect)
10029	FAIL	(Cookie Poisoning)
10030	FAIL	(User Controllable Charset)
10031	FAIL	(User Controllable HTML Element Attribute (Potential XSS))
10032	FAIL	(Viewstate)
10033	FAIL	(Directory Browsing)
10034	FAIL	(Heartbleed OpenSSL Vulnerability (Indicative))
10035	FAIL	(Strict-Transport-Security Header)
10036	FAIL	(HTTP Server Response Header) - fixed by #294 (specs/151), must not come back
10037	FAIL	(Server Leaks Information via "X-Powered-By" HTTP Response Header Field(s))
10038	FAIL	(Content Security Policy (CSP) Header Not Set) - fixed by #294 (specs/151), must not come back
10039	FAIL	(X-Backend-Server Header Information Leak)
10040	FAIL	(Secure Pages Include Mixed Content)
10041	FAIL	(HTTP to HTTPS Insecure Transition in Form Post)
10042	FAIL	(HTTPS to HTTP Insecure Transition in Form Post)
10043	FAIL	(User Controllable JavaScript Event (XSS))
10044	FAIL	(Big Redirect Detected (Potential Sensitive Information Leak))
10049	IGNORE	(Content Cacheability) - Intended: hashed /assets/* cached for a year, index.html and /app-config.js no-cache (verify-storefront-image.sh) - specs/150 D4
10050	FAIL	(Retrieved from Cache)
10052	FAIL	(X-ChromeLogger-Data (XCOLD) Header Information Leak)
10054	FAIL	(Cookie without SameSite Attribute)
10055	WARN	(CSP) - style-src 'unsafe-inline' accepted (specs/151 D2: Sonner and TipTap inject <style>, sanitised HTML carries style attributes); script-src stays 'self'. The exact policy is pinned by verify-storefront-image.sh, so any other loosening fails there
10056	FAIL	(X-Debug-Token Information Leak)
10057	FAIL	(Username Hash Found)
10061	FAIL	(X-AspNet-Version Response Header)
10062	FAIL	(PII Disclosure)
10063	FAIL	(Permissions Policy Header Not Set) - fixed by #294 (specs/151), must not come back
10096	FAIL	(Timestamp Disclosure)
10097	FAIL	(Hash Disclosure)
10098	FAIL	(Cross-Domain Misconfiguration)
10099	FAIL	(Source Code Disclosure)
10105	FAIL	(Weak Authentication Method)
10108	FAIL	(Reverse Tabnabbing)
10109	IGNORE	(Modern Web Application) - Informational: a single-page app has no links for the spider; says nothing about security
10110	FAIL	(Dangerous JS Functions)
10111	FAIL	(Authentication Request Identified)
10112	FAIL	(Session Management Response Identified)
10113	FAIL	(Verification Request Identified)
10115	FAIL	(Script Served From Malicious Domain (polyfill))
10116	FAIL	(ZAP is Out of Date)
10202	FAIL	(Absence of Anti-CSRF Tokens)
2	FAIL	(Private IP Disclosure)
3	FAIL	(Session ID in URL Rewrite)
50001	FAIL	(Script Passive Scan Rules)
90001	FAIL	(Insecure JSF ViewState)
90002	FAIL	(Java Serialization Object)
90003	FAIL	(Sub Resource Integrity Attribute Missing)
90004	FAIL	(Insufficient Site Isolation Against Spectre Vulnerability) - fixed by #294 (specs/151), must not come back
90011	FAIL	(Charset Mismatch)
90022	FAIL	(Application Error Disclosure)
90030	FAIL	(WSDL File Detection)
90033	FAIL	(Loosely Scoped Cookie)
